id	in_degree	out_degree	phi_0.3	phi_0.5	phi_0.7
1	0	2	0.1344	0.39649	0.72411
2	1	2	0.05589	0.23282	0.53938
3	3	1	0.11295	0.32659	0.61524
4	1	2	0.03245	0.15583	0.41563
5	2	0	0.1344	0.39649	0.72411
